{
  "project_info": {
    "project_number": "298802962916",
    "project_id": "tribeapp-5ce88",
    "storage_bucket": "tribeapp-5ce88.appspot.com"
  },
  "client": [
    {
      "client_info": {
        "mobilesdk_app_id": "1:298802962916:android:b63fd50f677a58e7a267f1",
        "android_client_info": {
          "package_name": "com.example.doan"
        }
      },
      "oauth_client": [
        {
          "client_id": "298802962916-4d74ou48glj0c4oi3hlqsltie3ak5th9.apps.googleusercontent.com",
          "client_type": 3
        }
      ],
      "api_key": [
        {
          "current_key": "AIzaSyCrNTfJDJlOQz8oqvoV1YleFL02i0iYIyI"
        }
      ],
      "services": {
        "appinvite_service": {
          "other_platform_oauth_client": [
            {
              "client_id": "298802962916-4d74ou48glj0c4oi3hlqsltie3ak5th9.apps.googleusercontent.com",
              "client_type": 3
            }
          ]
        }
      }
    }
  ],
  "configuration_version": "1"
}